,0,1,2,3,4,5,6
0,-6.198829892874535,-1.1468299919432399,-5.051999900931295,-1.383191260020392,0.23636126807715208,-1.5372091741940286,-3.5147907267372664
1,-1.0752622953620237,0.07503768870501759,-1.1502999840670411,-0.6209109942246319,0.6959486829296495,0.5070788286963692,-1.6573788127634104
2,3.202125044362864,2.743715168633191,0.4584098757296733,0.1434514808949433,2.6002636877382477,1.8685445385318662,-1.410134662802193
3,-0.38526286334551596,-1.0514008531698682,0.6661379898243522,-1.7820882319162341,0.7306873787463659,0.7501176835312526,-0.0839796937069004
4,-0.3761810368224737,-1.0111347302983356,0.6349536934758618,-1.9696786070650774,0.9585438767667418,1.4484335674052597,-0.8134798739293979
5,-1.0665211252350444,-0.06777699562134853,-0.9987441296136957,-0.5973724055993134,0.5295954099779648,0.505808393810064,-1.5045525234237598
6,-2.8691832279993617,-1.6492592386406089,-1.2199239893587528,-0.6832145324052707,-0.9660447062353381,-0.32804245138214194,-0.891881537976611
7,3.836917439372489,0.5211960043708641,3.315721435001625,-0.6088600499644823,1.1300560543353464,2.0099517272126772,1.3057697077889479
8,-3.848087359409319,-2.6658899141455255,-1.1821974452637931,-2.451257631732199,-0.21463228241332644,0.7360371344978582,-1.9182345797616513
9,-4.130358831538221,-2.175000059665394,-1.9553587718728265,-3.248749860930469,1.073749801265075,0.4354429653468236,-2.39080173721965
10,-4.550929456817052,-2.035098001929984,-2.5158314548870684,-1.5541748213723814,-0.4809231805576024,-0.2007473697428384,-2.31508408514423
11,-12.328801564350252,-6.227123060281367,-6.101678504068886,-4.008919011586576,-2.2182040486947914,-2.0424375360429035,-4.059240968025982
12,-14.448499306301542,-7.121583807791233,-7.326915498510308,-4.658466228252434,-2.4631175795387996,-2.468232031019275,-4.8586834674910335
13,-13.90285339743281,-8.566749004936328,-5.336104392496483,-5.05116501159258,-3.515583993343748,-2.4534010698392583,-2.8827033226572247
14,-11.62673704452322,-6.2845144394246395,-5.342222605098581,-4.228323573233299,-2.056190866191341,-2.408639968992874,-2.9335826361057062
15,-3.632404168180204,-1.6495991704511603,-1.9828049977290438,-1.4051176914553856,-0.24448147899577477,-0.9868533613188402,-0.9959516364102037
16,0.7183654386531639,4.831213722329953,-4.112848283676789,2.1316421262816774,2.699571596048276,-2.6846946757782977,-1.4281536078984916
17,1.7912051463334666,6.08730510434993,-4.296099958016463,3.204769103953174,2.882536000396757,-3.2023533472784074,-1.0937466107380562
18,-1.4688637104030622,5.306834020735748,-6.77569773113881,3.4785550839614814,1.8282789367742662,-4.934449519452469,-1.8412482116863405
19,-0.45418308651581096,8.066748642013525,-8.520931728529337,4.3329891941830505,3.733759447830474,-5.993869316067094,-2.527062412462242
20,-3.9417312935412947,5.186056741927559,-9.127788035468853,2.933018559344975,2.2530381825825843,-6.6839218132264016,-2.4438662222424523
21,-3.571879224925931,4.7577980314581625,-8.329677256384093,3.358883185409807,1.3989148460483556,-6.39553824395176,-1.934139012432333
22,-1.6503868470271001,7.954749967824554,-9.605136814851654,4.911852014783071,3.0428979530414835,-6.567372055265036,-3.0377647595866186
23,4.90896574435738,8.120458691918365,-3.211492947560985,4.276937310457878,3.843521381460488,-3.4908847922365487,0.2793918446755639
24,-4.071157720512146,1.924321164870243,-5.995478885382389,0.977552159336669,0.946769005533574,-4.036656991198673,-1.9588218941837157
25,3.834174655111245,4.695681674950364,-0.8615070198391193,1.5136068038313257,3.182074871119038,-1.0307394434250174,0.16923242358589824
26,5.714566831431593,7.598631801732653,-1.88406497030106,2.7937816123544885,4.804850189378165,-0.24611473765357328,-1.6379502326474866
27,8.922794067251846,7.682516568866678,1.2402774983851688,3.815969745103145,3.8665468237635334,0.93093039119918,0.30934710718598885
28,3.775154091625421,5.429843926213342,-1.6546898345879217,3.087386880985614,2.342457045227728,-0.7325073330010157,-0.922182501586906
29,5.172825979286239,3.7706086013243207,1.4022173779619183,1.7387249619800138,2.031883639344307,0.1050855460001967,1.2971318319617215
30,10.264246953639926,7.423431036633904,2.840815917006023,3.937825420031853,3.485605616602051,0.2633582217137826,2.5774576952922406
31,13.354070418946781,8.86588834626808,4.488182072678701,4.939016618077475,3.926871728190606,0.9187689819928074,3.569413090685894
32,7.981561308374586,7.985352974463199,-0.0037916660886117004,4.289931083824985,3.6954218906382135,-1.932366095904786,1.9285744298161742
33,1.56316815598788,4.692411811454225,-3.1292436554663445,2.7862925152829403,1.9061192961712838,-3.5177444500992134,0.3885007946328689
34,8.551932998566695,8.034129985291234,0.5178030132754623,3.6668338188948626,4.36729616639637,-0.39898712369120637,0.9167901369666687
35,11.031005606843681,10.270054038365657,0.760951568478023,4.5891956907804055,5.680858347585252,0.45036901717926225,0.3105825512987608
36,8.130535092382296,7.1839975980970365,0.9465374942852586,2.5240591335368023,4.659938464560234,0.3672045839149415,0.5793329103703171
37,12.83889006442894,7.916741683158886,4.922148381270054,3.5104973791135823,4.406244304045304,1.452864038901557,3.4692843423684967
38,8.120303117593085,5.0679028564902415,3.0524002611028447,1.758347275526359,3.309555580963883,1.662698032552367,1.3897022285504776
39,4.308236002581051,1.8745547452620706,2.4336812573189803,-0.02887799891837295,1.9034327441804435,1.384076213493911,1.049605043825069
40,-2.158756027265849,0.18814725458831583,-2.3469032818541646,-0.06117216102721845,0.24931941561553428,-2.3797355974075725,0.03283231555340771
41,-0.8093474661711525,0.008052314859627763,-0.8173997810307804,-0.9790808367432188,0.9871331516028465,-1.347790355852243,0.5303905748214627
42,2.1425816483164275,3.352507891085065,-1.2099262427686375,0.6742509616613943,2.6782569294236707,-1.1963842794128334,-0.013541963355803988
43,0.4438567440966886,2.7250383944338656,-2.281181650337177,0.41346069532050667,2.311577699113359,-2.2105338426769467,-0.07064780766023027
44,-2.537721617508758,1.2215171975005343,-3.759238815009292,-0.3298597092698004,1.5513769067703347,-2.748642083704703,-1.0105967313045892
45,1.9847493650051136,3.4407361496009305,-1.455986784595817,1.93769098122003,1.5030451683809005,-1.964383067155717,0.5083962825599001
46,-5.419924658771642,-0.14180181484704768,-5.278122843924594,0.3837370481325264,-0.5255388629795741,-3.799413417340789,-1.478709426583805
47,-2.0939636587034234,2.026317077072454,-4.120280735775878,1.5268601564188529,0.4994569206536008,-3.201785823719553,-0.9184949120563243
48,5.048067100241774,4.8401185207135615,0.20794857952821189,3.59536990275843,1.244748617955132,-1.3369588218009327,1.5449074013291446
49,5.215256342552613,4.501733659417921,0.7135226831346921,3.2165190464463596,1.2852146129715616,-0.9646276128572726,1.6781502959919647
50,7.830726548325849,7.115043454180295,0.7156830941455531,4.850082845794477,2.264960608385818,0.1911133428762556,0.5245697512692975
51,7.350291715022824,5.48407362012925,1.8662180948935747,3.118439344981299,2.365634275147951,1.6731107810076464,0.1931073138859284
52,8.280582756174852,7.941654168695322,0.33892858747952925,3.745516164861821,4.196138003833501,1.1707487850207945,-0.8318201975412652
53,3.5571541687114,4.888954892293799,-1.3318007235823988,2.9760148612957438,1.912940030998055,-0.6010632199857353,-0.7307375035966635
54,-5.486443383183291,2.1456796498591766,-7.632123033042468,0.9158382824001903,1.229841367458986,-2.6029011398894375,-5.02922189315303
55,-5.622328014835739,2.058994822256712,-7.681322837092451,1.646681342381792,0.4123134798749195,-3.12109926289299,-4.560223574199461
56,1.7738457785346995,5.5977443669812725,-3.823898588446573,2.672006607813463,2.9257377591678093,-1.6707520886063072,-2.1531464998402656
57,1.9664744571532813,5.920521763986153,-3.954047306832872,2.6333616550588532,3.2871601089273,-1.6307291251981086,-2.3233181816347637
58,6.112930891285147,6.7555792197790545,-0.6426483284939075,2.561621355634743,4.193957864144311,-0.13122898514280135,-0.5114193433511062
59,2.0351408551238213,0.4000899709666723,1.635050884157149,-0.8844271644081827,1.284517135374855,1.4510540401735377,0.18399684398361127
60,3.670475123936665,1.903536522102465,1.7669386018341997,-0.1164398449194246,2.0199763670218895,1.7994277675093366,-0.03248916567513688
61,9.401744935836875,5.849141216452333,3.5526037193845426,1.8643840354091226,3.98475718104321,1.7225555168563282,1.8300482025282145
62,11.298306544911235,8.541097338357535,2.7572092065537004,3.640452021003562,4.900645317353973,2.411390234128738,0.3458189724249621
63,7.361546822750349,6.26432889260157,1.097217930148779,2.9402373315409913,3.324091561060579,1.2949890670044608,-0.19777113685568182
64,14.233116370007073,9.555403224636827,4.677713145370248,4.462024107888242,5.093379116748585,3.3722252978312115,1.3054878475390361
65,14.751637943132467,9.586301182555035,5.165336760577432,4.134334443647052,5.4519667389079824,4.088397352938717,1.0769394076387147
66,11.830201741605576,8.453057933902334,3.377143807703241,3.865792201866468,4.587265732035866,2.7540302680096156,0.6231135396936254
67,8.678113931608255,5.14188476763136,3.5362291639768957,2.619263964797404,2.5226208028339565,2.456384016822865,1.079845147154031
68,8.481111496417391,7.656616752913387,0.8244947435040046,3.17033567977096,4.486281073142427,1.6725463556766593,-0.8480516121726547
69,0.1273522920110426,-1.036278755565362,1.1636310475764047,-0.261569143233215,-0.7747096123321471,1.6014775351505894,-0.43784648757418476
70,-3.4897246063891783,-1.6661236946218714,-1.8236009117673069,-0.25971904606011087,-1.4064046485617605,0.01001545778750712,-1.833616369554814
71,-6.287652143757944,-2.026877526707799,-4.260774617050145,-0.8693956158382291,-1.1574819108695698,-1.1618761062977578,-3.0988985107523868
72,-3.207615090189171,-1.5724335499850002,-1.6351815402041707,-0.4124421470216191,-1.159991402963381,0.34972098365995413,-1.984902523864125
73,-10.616255262940044,-3.573140878138035,-7.04311438480201,-0.713955036451234,-2.8591858416868012,-3.043723721450527,-3.999390663351483
74,-0.6260396740073937,2.5060577742463095,-3.1320974482537034,1.2144863632423135,1.291571411003996,-0.6129825804292375,-2.5191148678244657
75,-0.8894728645988557,2.0830161262659486,-2.9724889908648047,0.9549965159737843,1.1280196102921645,0.05341023793480981,-3.0258992287996143
76,0.956969897231019,1.437499543529649,-0.4805296462986299,1.2730502663094718,0.1644492772201771,0.17620512861102117,-0.656734774909651
77,-5.931240187500375,-2.05890103764957,-3.872339149850804,-0.610142310232235,-1.4487587274173352,-1.7457444512771738,-2.1265946985736304
78,-7.897747908963481,-4.824307384978045,-3.073440523985436,-1.3647943465070376,-3.459513038471008,-2.9566414751933023,-0.1167990487921336
79,0.7430483625681821,0.7871538330547538,-0.04410547048657176,0.858235547550533,-0.07108171449577916,-1.1478666744068102,1.1037612039202385
80,-3.8602985737697497,-2.2854660848063806,-1.5748324889633687,-1.1974696258114201,-1.0879964589949604,-1.9280265159701306,0.35319402700676195
81,4.736054984785485,1.6969571502835463,3.039097834501939,1.5084452660208405,0.18851188426270588,0.9291991276708024,2.1098987068311366
82,-0.4576282193263763,-3.260557916577031,2.8029296972506548,-1.5761769498127136,-1.6843809667643175,0.35423063010910827,2.4486990671415465
83,6.162242477782881,0.18336339615487812,5.978879081628003,0.3074468493480058,-0.12408345319312768,2.2191608690190616,3.759718212608941
84,4.408621272286446,-0.340112272863188,4.748733545149634,0.4506787139737486,-0.7907909868369366,1.790453613816872,2.958279931332762
85,6.119714586241117,2.280465068129452,3.8392495181116653,2.4370060345295,-0.15654096640004816,1.1865777346693778,2.6526717834422877
86,2.1215177209225873,1.1423063942456615,0.9792113266769258,1.5867013235454746,-0.4443949292998131,-0.7529163323623906,1.7321276590393164
87,4.285618873097833,3.37691881803737,0.908700055060462,2.8391407355585128,0.5377780824788576,-0.9050385679030815,1.8137386229635435
88,7.098167817520483,5.378848247530476,1.7193195699900072,3.873168060156895,1.5056801873735806,-0.5802362899845943,2.2995558599746015
89,10.118511418342784,5.634506778572231,4.484004639770553,3.6370903681068887,1.9974164104653416,0.3049081459704477,4.179096493800105
90,4.641366011785058,4.882989660083471,-0.24162364829841332,2.343042398713631,2.53994726136984,-1.3747233039601725,1.1330996556617592
91,4.7750310994840826,2.065260662139929,2.7097704373441536,1.657240728178701,0.4080199339612278,-0.43228688253281483,3.1420573198769683
92,3.9990011298279406,1.0056339579492632,2.9933671718786776,1.491867954687111,-0.48623399673784773,0.1632130202092278,2.8301541516694497
93,10.760446966027352,2.292267050838432,8.46817991518892,2.4700257317776257,-0.17775868093919378,2.565812579795392,5.902367335393528
94,13.092863678928904,5.183648185183312,7.90921549374559,3.443040284985979,1.740607900197333,3.6763783298645576,4.232837163881032
95,9.819303184703275,2.7817992572734482,7.037503927429826,2.5615549363208707,0.2202443209525775,2.363367432727722,4.674136494702104
96,10.470646028952231,2.445242019917188,8.025404009035045,2.227802313126604,0.2174397067905839,2.946318653585551,5.079085355449494
97,2.8250183011259997,0.8557935090924962,1.9692247920335038,1.309620253268924,-0.4538267441764278,0.7296387003293159,1.2395860917041879
98,2.348708191970872,-1.5913618806396683,3.94007007261054,0.10887843074037051,-1.7002403113800388,1.4640601613474247,2.4760099112631155
99,0.6859755678548742,-4.06006916173648,4.746044729591354,-2.1491536215851674,-1.9109155401513123,2.041909311924489,2.704135417666865
100,0.751006676689979,-4.197503646301868,4.948510322991847,-2.131859770219586,-2.065643876082283,1.950388127219707,2.9981221957721402
101,5.1347028962432875,-2.441207668557523,7.575910564800811,-1.3327085555607299,-1.1084991129967932,3.4443533149957637,4.131557249805047
102,0.47323349461251984,-4.272773316763985,4.746006811376505,-2.3967135709513867,-1.8760597458125985,1.781411786890518,2.9645950244859867
103,5.647092906345023,0.618181785606584,5.028911120738439,0.1496432441336788,0.4685385414729052,1.4025659044941465,3.6263452162442924
104,2.888365600334926,-1.8697045893590793,4.758070189694005,-1.5002685481266234,-0.3694360412324559,2.8045713231166394,1.953498866577366
105,-1.4300682890939962,-3.5814210968882607,2.1513528077942645,-1.5074207266726638,-2.0740003702155967,1.4637444237794344,0.6876083840148302
106,2.705359594985353,-0.5771797211446386,3.2825393161299914,-0.8525565712871538,0.27537685014251523,1.0251397477815098,2.2573995683484815
107,2.198842889531638,0.644005612502905,1.554837277028733,0.07671705357924052,0.5672885589236645,0.020631410430464348,1.5342058665982687
108,4.262865343476727,2.9437522199999755,1.3191131234767512,1.0218322446938384,1.9219199753061373,0.9651348821029629,0.3539782413737882
109,7.085959339192535,4.302781558604813,2.7831777805877227,1.561103828033606,2.7416777305712063,2.686921536223327,0.0962562443643955
110,6.2119433461788685,4.604720870333072,1.6072224758457976,0.9168499040655538,3.6878709662675178,2.026146871654561,-0.4189243958087637
111,3.529294148958294,2.5086287031008023,1.020665445857492,1.0815457450322317,1.4270829580685707,1.1539015008974192,-0.13323605503992728
112,0.6428608982277264,1.8240660542128977,-1.1812051559851713,0.880661741333673,0.9434043128792247,-1.3381880769293328,0.1569829209441615
113,-1.1866304747569418,0.960210234384329,-2.1468407091412707,0.37583724712044675,0.5843729872638822,-1.5059131406635053,-0.6409275684777654
114,-3.379361420611075,1.8271176238110711,-5.206479044422146,1.8788137063599142,-0.05169608254884295,-3.8961604559157257,-1.3103185885064204
115,-5.787170956957852,-2.398674412841064,-3.388496544116789,-0.4735656721065872,-1.925108740734477,-2.180194931725366,-1.2083016123914228
116,-4.004008494372347,-2.8688450299514505,-1.1351634644208972,-0.0199664436623177,-2.848878586289133,-1.3233440792144764,0.18818061479357928
117,-11.963354736360206,-3.5416814234654947,-8.42167331289471,-1.412491852618404,-2.1291895708470907,-4.005673971490459,-4.415999341404251
118,-9.893235257915212,-2.402815457536616,-7.490419800378596,-1.0557880158143471,-1.347027441722269,-3.3355566958911957,-4.1548631044874
119,-14.64616107298594,-7.387273234921519,-7.25888783806442,-4.495498457962963,-2.891774776958556,-2.522625686246033,-4.736262151818387
120,-4.961015593370529,-2.1029892400097148,-2.858026353360814,-1.858428305412108,-0.24456093459760664,-0.6865165733709573,-2.171509779989857
121,-1.3874563229809311,-1.9713456495985537,0.5838893266176226,-1.2267615409479962,-0.7445841086505576,0.7889551307660658,-0.20506580414844322
122,-3.9392263475014175,-3.05663339135934,-0.8825929561420778,-1.3100132280381342,-1.7466201633212057,-1.2811392754937496,0.39854631935167184
123,-3.252589262705973,-4.112767452294808,0.8601781895888347,-2.029303094441498,-2.0834643578533103,0.2629411417819927,0.5972370478068421
124,-2.9639221110542557,-3.7294995484984694,0.7655774374442136,-1.5300239727332219,-2.1994755757652475,-0.20395951773293008,0.9695369551771437
125,-6.893739067707924,-4.479708584812327,-2.4140304828955967,-2.4476872915942116,-2.0320212932181154,-1.7434452083040026,-0.6705852745915942
126,3.167006495233604,2.792525005959245,0.374481489274359,0.8583563004156592,1.9341687055435859,1.1269639778328324,-0.7524824885584734
127,4.456471656231621,2.0626404126278333,2.393831243603787,0.17046113281276276,1.8921792798150705,1.8899164143925693,0.5039148292112178
128,2.9398886947492024,1.4062076279321003,1.5336810668171021,-0.03894391559853505,1.4451515435306352,0.9776979362781436,0.5559831305389586
129,8.066446235481788,3.4792154337415653,4.5872308017402235,0.7927035210275096,2.6865119127140558,2.129899665963248,2.4573311357769754
130,10.470826265583039,3.4942108299458394,6.9766154356372,0.9261473400469488,2.5680634898988908,3.1585734320506704,3.818042003586529
131,10.675404722987391,3.3356502609680567,7.339754462019334,0.9763003563998987,2.359349904568158,3.212216258208704,4.12753820381063
132,9.651010007407606,3.6771333832327735,5.973876624174833,0.9094511050709256,2.767682278161848,3.283242638558929,2.6906339856159045
133,7.347966273487835,0.2702952635891459,7.077671009898689,-0.10674483450487682,0.3770400980940227,3.1170911544596605,3.9605798554390286
134,-1.5254773616774573,-4.138186127382914,2.612708765705457,-1.630967408768929,-2.507218718613985,1.8588243198602667,0.7538844458451903
135,0.1980170157390191,-6.058499019299392,6.256516035038411,-2.765981507107891,-3.292517512191501,2.3396148039171676,3.916901231121243
136,-2.89186517173195,-9.068885430215447,6.177020258483497,-4.627372355680933,-4.441513074534514,2.240898726604639,3.936121531878858
137,3.93492311367378,-5.259243795905674,9.194166909579454,-3.385540927536881,-1.8737028683687935,3.557378628578358,5.636788281001096
138,6.992690594759466,-2.214231735099372,9.206922329858838,-1.3105897658796946,-0.9036419692196773,4.459938165211069,4.7469841646477695
139,8.109741721284603,-0.3413321306284248,8.451073851913026,-0.17367095483962958,-0.16766117578879525,4.4935000185299,3.957573833383127
140,8.6396360414026,-2.396035872820705,11.035671914223304,-0.27443552464704557,-2.121600348173659,5.433595439600235,5.60207647462307
141,10.536582423819873,2.176094691704805,8.360487732115068,2.1385929901493212,0.03750170155548363,2.989540220477007,5.370947511638061
142,10.02983468671545,0.8637855220052282,9.166049164710222,1.7298838453883776,-0.8660983233831494,3.2479032506746566,5.918145914035565
143,10.053560022356027,1.9831621080820927,8.070397914273935,2.2720079030692815,-0.28884579498718876,4.457897175825709,3.6125007384482264
144,7.682334395178531,3.4013849408237777,4.280949454354753,2.3658538374119114,1.0355311034118664,2.9256851918539084,1.3552642625008438
145,3.9446519377097085,3.181580100410912,0.763071837298797,1.098580524999395,2.0829995754115167,1.6911651919830608,-0.9280933546842638
146,7.659449224101727,4.167665909005152,3.4917833150965745,1.4784639998665685,2.6892019091385837,3.0624497534376323,0.4293335616589422
147,10.346018151622175,7.100719575482776,3.245298576139401,2.450893053189135,4.64982652229364,3.0314347517804228,0.21386382435897833
148,11.281300406434653,5.487109931044126,5.794190475390527,1.4537625494421382,4.033347381601987,3.372470498186188,2.421719977204339
149,8.659844699332753,4.32578892535348,4.334055773979273,0.7318830635437225,3.593905861809758,2.6342685554589087,1.6997872185203646
150,3.2204814556452055,0.29281623931519274,2.9276652163300128,-1.7387587502225692,2.031574989537762,3.407891567135823,-0.48022635080581044
151,-1.336820889512371,0.6467600562956317,-1.9835809458080027,-0.9070259672263767,1.5537860235220085,0.36409152509511045,-2.347672470903113
152,0.23455799396569565,1.0435423164767725,-0.8089843225110769,-1.8133912394196414,2.856933555896414,0.9035033402042338,-1.7124876627153107
153,-3.2253733775871085,-5.869990918148756,2.644617540561647,-5.275849211066089,-0.5941417070826668,3.0495971698948363,-0.4049796293331891
154,-6.084801291436703,-6.7123046349911295,0.6275033435544269,-4.758404060379692,-1.9539005746114375,1.559080207677666,-0.931576864123239
155,-11.197796303053439,-8.658092079668943,-2.5397042233844953,-5.500476458337959,-3.157615621330985,-1.842844377711786,-0.6968598456727093
156,-4.562558737131371,-6.2402593381284195,1.6777006009970483,-4.023350917697652,-2.216908420430767,-0.30552439285468047,1.9832249938517288
157,-7.793228127599479,-8.787909467395032,0.994681339795554,-4.352818715570693,-4.435090751824338,-0.9710590093315971,1.965740349127151
158,-7.656316759314438,-8.320011127284003,0.6636943679695642,-4.109399691165411,-4.210611436118592,-1.7882690448161047,2.451963412785669
159,-8.306045189935112,-4.994023424054872,-3.3120217658802407,-1.5556317684842926,-3.43839165557058,-5.066579457863861,1.7545576919836208
160,-11.34035669319131,-4.793825368226663,-6.546531324964646,-1.8371438535905031,-2.9566815146361605,-5.6502598724083715,-0.8962714525562749
161,-15.517152305611177,-6.792472305306049,-8.724680000305128,-3.3038331912242627,-3.4886391140817867,-6.766855395035121,-1.957824605270008
162,-12.676290345835517,-5.085125643897154,-7.591164701938363,-2.240985311009495,-2.844140332887659,-5.981604259382113,-1.609560442556249
163,-12.42696210128062,-7.41601264050931,-5.010949460771311,-3.482073404148802,-3.9339392363605077,-4.5975896014629765,-0.41335985930833496
164,-15.422436985202511,-8.406825864308654,-7.0156111208938565,-3.4336204122351175,-4.973205452073536,-5.0046326240700925,-2.010978496823764
165,-14.449464474803982,-9.054017388320128,-5.395447086483854,-3.6877300430151063,-5.366287345305022,-4.245296096616305,-1.1501509898675488
166,-11.614052943973967,-4.025620848443154,-7.588432095530812,-1.530096767698145,-2.4955240807450094,-4.323029545270742,-3.2654025502600694
167,-14.981160132147007,-7.134971381191716,-7.8461887509552914,-3.8833734707718675,-3.2515979104198482,-4.395231655808831,-3.4509570951464603
168,-9.467530882769891,-3.1394451379851835,-6.328085744784707,-1.5674551725524482,-1.5719899654327352,-3.683039203724416,-2.6450465410602915
169,-13.889422037779447,-3.5162166151966265,-10.37320542258282,-2.0885157192595942,-1.4277008959370323,-4.19672866060301,-6.17647676197981
170,-11.660485849707559,-3.104146982659599,-8.556338867047959,-1.117479704441406,-1.9866672782181931,-4.382259780129569,-4.17407908691839
171,-9.63398365295554,-0.5904450919755913,-9.043538560979949,0.43448142982946547,-1.0249265218050567,-4.159004121294573,-4.884534439685376
172,-6.017736940936565,0.8462945386970858,-6.864031479633652,0.9121726406198017,-0.06587810192271593,-3.5478052022818853,-3.3162262773517663
173,-13.285840378418854,0.5905456949872792,-13.876386073406135,0.3525361745733027,0.23800952041397638,-7.316800400079055,-6.559585673327079
174,-14.988458877018193,-2.211902938817362,-12.77655593820083,-1.1922352602347268,-1.019667678582635,-7.229603398556948,-5.546952539643882
175,-12.079503681917883,1.2365128900064886,-13.316016571924372,0.9106980030765334,0.32581488692995525,-6.62489539084841,-6.691121181075961
176,-16.97480326484989,-0.968947908536595,-16.00585535631329,-0.47425145955623715,-0.4946964489803578,-8.324686604587988,-7.681168751725304
177,-18.41719200421619,-5.41584444792428,-13.001347556291911,-2.8148902252068293,-2.6009542227174505,-6.811129724527779,-6.190217831764132
178,-21.30805235438836,-8.636404616065677,-12.67164773832268,-4.979116839956207,-3.65728777610947,-6.386208228585362,-6.2854395097373175
179,-9.81279544601701,-4.127794058345821,-5.685001387671187,-2.948842257481721,-1.1789518008641005,-1.989910695189426,-3.6950906924817617
180,-13.495233622474188,-6.1929054891700375,-7.302328133304153,-3.5201145177769084,-2.6727909713931295,-2.2872031444910736,-5.015124988813079
181,-4.453905980987427,-4.04562051847722,-0.4082854625102075,-2.7884530012541644,-1.2571675172230552,1.2235995050316746,-1.631884967541882
182,-10.58955074066337,-7.782481281925291,-2.80706945873808,-4.448266640821979,-3.3342146411033124,0.5191464660140495,-3.326215924752129
183,-6.322555299896216,-3.372719954287728,-2.949835345608487,-2.1491110641535784,-1.2236088901341498,0.549672619636371,-3.499507965244858
184,-3.9062176872585117,-2.5131455709434176,-1.393072116315094,-0.9784573098418774,-1.5346882611015404,-0.19544580295190445,-1.1976263133631897
185,-1.6494657484899342,-0.33402793791673135,-1.3154378105732027,-0.30851785466655945,-0.0255100832501719,-0.45477488561570817,-0.8606629249574946
186,-1.7127043791569834,-0.35218003306196244,-1.360524346095021,-0.5233656129300873,0.17118557986812488,0.21617966142625739,-1.5767040075212784
187,-0.9159488677274831,0.593215309294301,-1.509164177021784,0.4468203185826002,0.1463949907117008,-0.3515128876348306,-1.1576512893869535
188,-0.7682428559671726,-1.5505764065699421,0.7823335506027695,-0.30496968865444163,-1.2456067179155004,0.2133358509340164,0.5689976996687531
189,3.3114486455233996,0.23578001331288256,3.075668632210517,0.3990362787468296,-0.16325626543394706,0.8182297927767646,2.2574388394337523
190,11.837408816899298,3.7667335939113293,8.070675222987969,1.9920337086196038,1.7746998852917253,4.184534057948536,3.886141165039432
191,6.627471516485487,1.9408614041786072,4.68661011230688,0.9489887338522417,0.9918726703263655,2.957025731640155,1.729584380666725
192,8.211220033593763,5.275363985876437,2.9358560477173263,3.044417090803401,2.230946895073036,1.4380160689354553,1.497839978781871
193,6.303829629104125,5.591254909991034,0.7125747191130909,3.1049600566083306,2.486294853382703,-0.2172881062836629,0.9298628253967538
194,5.652246592396596,3.2913310313771458,2.36091556101945,1.1454557173651359,2.14587531401201,0.697044488383744,1.6638710726357058
195,-10.348260997048625,-5.989326209728711,-4.358934787319914,-3.896169158603869,-2.0931570511248423,-2.864784547319541,-1.4941502400003732
196,-3.109205965261827,0.4743947614938957,-3.583600726755723,-0.643240142562518,1.1176349040564137,-2.4935074191217894,-1.0900933076339334
197,0.36274645507149494,3.558591274128883,-3.1958448190573883,0.24611604484974237,3.3124752292791406,-2.6249128117681617,-0.5709320072892263
198,4.218028274857472,4.739163152698364,-0.5211348778408917,1.432817252805525,3.3063458998928383,-1.6103129357409716,1.0891780579000798
199,1.2362974478903872,4.1559278448872625,-2.919630396996875,0.342953375058066,3.8129744698291965,-2.8087670405165452,-0.11086335648033002
200,0.7156201395758075,0.16735221817246915,0.5482679214033384,-2.1446935441462216,2.3120457623186907,-0.5544335165742778,1.102701437977616
201,-4.1708990814955005,-5.153703255659215,0.9828041741637144,-3.697610228642003,-1.456093027017212,-0.45467992631596954,1.437484100479684
202,-7.353546445202776,-4.988681952459463,-2.3648644927433127,-3.993007614047307,-0.9956743384121556,-1.545310935584576,-0.8195535571587369
203,-9.848407682060445,-4.6260579525528795,-5.222349729507567,-3.330912745144092,-1.2951452074087877,-2.3088478065530196,-2.9135019229545467
204,-5.986215599878243,0.2555122320743002,-6.241727831952543,-0.18993769542983685,0.44544992750413703,-4.52186983146336,-1.7198580004891828
205,1.1260107539954365,2.6582099922933318,-1.5321992382978953,0.6590918825536072,1.9991181097397246,-1.2326918666016997,-0.29950737169619557
206,-4.142921400614317,-0.796944916413338,-3.345976484200979,-0.7277167899762611,-0.06922812643707688,-1.8053367811881311,-1.540639703012848
207,-3.2670819908181272,1.0353617105844268,-4.302443701402554,0.6323687693836493,0.40299294120077767,-2.602554980472842,-1.699888720929712
208,-6.030097327873131,-0.39273191460255363,-5.637365413270578,-0.5321862483563198,0.13945433375376615,-2.2376032719998404,-3.399762141270737
209,-5.400924994655765,-1.2267590164440652,-4.1741659782116995,-1.6644772829530703,0.43771826650900525,-1.4370099111694108,-2.7371560670422888
210,-11.898788304813763,-7.697677115509336,-4.201111189304426,-4.6188553599245115,-3.078821755584824,-0.7894696322404801,-3.4116415570639465
211,-13.07696514588005,-7.293483261344859,-5.783481884535192,-4.436517825167553,-2.8569654361773056,-1.7282710127320033,-4.0552108718031885
212,-11.656097074757485,-7.554665681128336,-4.101431393629149,-3.8921632111772944,-3.6625024699510416,-3.0267097923338775,-1.0747216012952712
213,-19.10459346408325,-12.22640503761533,-6.87818842646792,-5.374701789185785,-6.851703248429544,-4.3125964979126135,-2.5655919285553073
214,-16.442012838158075,-10.178342190667166,-6.263670647490908,-5.162620702669539,-5.015721487997628,-2.8706278680302857,-3.393042779460623
215,-7.488726703927116,-3.910403391161214,-3.578323312765902,-1.570580123054632,-2.3398232681065823,-1.5093258250329542,-2.068997487732948
216,-7.4589708622799336,-3.348057195480163,-4.11091366679977,-1.3179915023009374,-2.0300656931792256,-3.0065342931012995,-1.1043793736984708
217,-12.381520795180156,-8.547415501829029,-3.8341052933511284,-2.7975547676089496,-5.749860734220079,-3.4770065658629137,-0.3570987274882145
218,-18.305694394280685,-10.986506523931046,-7.31918787034964,-3.1012707025118904,-7.885235821419156,-4.82132790900468,-2.49785996134496
219,-10.13832997379334,-5.984969253364705,-4.153360720428637,-1.0977184754986307,-4.887250777866074,-3.2772318170656907,-0.8761289033629458
220,-11.08292767276276,-5.09503458157457,-5.98789309118819,-0.4978500164149926,-4.597184565159577,-3.543575704390582,-2.444317386797608
221,-9.850138310500743,-6.171629961271151,-3.6785083492295927,-0.980476266518227,-5.1911536947529235,-2.4349682514674176,-1.2435400977621751
222,-12.904745491727915,-7.926906746623304,-4.977838745104611,-2.2248591905938695,-5.702047556029434,-3.201950089422189,-1.7758886556824223
223,-14.81107046635794,-8.017004436581878,-6.7940660297760616,-2.9577482739829115,-5.059256162598968,-3.7553086713247286,-3.0387573584513325
224,-8.7224590721864,-2.4472959920265707,-6.275163080159828,-0.16336510804885251,-2.283930883977718,-2.582041827628625,-3.6931212525312036
225,0.5130240578265057,1.1719830297949865,-0.6589589719684807,0.9444437663140675,0.22753926348091902,0.6192511368792175,-1.2782101088476983
226,-1.9895498171898214,-1.6273584055208479,-0.3621914116689735,-0.9553975412715568,-0.671960864249291,0.35726414431544007,-0.7194555559844136
227,-0.22879495429941665,0.27475015572660566,-0.5035451100260223,0.8722454084416316,-0.5974952527150259,0.04762406859302859,-0.5511691786190509
228,-2.2403239978860228,-0.10377599657665171,-2.136548001309371,0.5539220948397781,-0.6576980914164298,-1.0380698877824526,-1.0984781135269186
229,4.1516739319475064,2.7188550840325503,1.4328188479149557,1.825208442962631,0.8936466410699191,1.9903594166762333,-0.5575405687612777
230,-0.7852248555235972,1.3006091596709073,-2.0858340151945045,0.8297395684990352,0.4708695911718722,1.2895878994351495,-3.375421914629654
231,1.1416697921011671,4.739928225266258,-3.5982584331650913,3.3536539756158645,1.386274249650393,0.4336754621242149,-4.031933895289306
232,-2.918964255573957,3.862809796269029,-6.781774051842985,1.632656270119742,2.230153526149287,-0.32214011869080783,-6.459633933152178
233,-0.438667328448191,4.422809298957994,-4.861476627406185,1.907871886064113,2.5149374128938815,1.0052280711551238,-5.86670469856131
234,-1.6969155739776562,0.6462514944107014,-2.343167068388358,-0.636047301775801,1.2822987961865024,2.6714646596269778,-5.014631728015336
235,-9.819269716724746,-3.2809544614606603,-6.538315255264085,-3.0308856528972257,-0.2500688085634346,0.5158594133680895,-7.054174668632175
236,-8.467068093728745,-4.3941535640002,-4.0729145297285445,-4.1218683413738875,-0.2722852226263125,0.2409894770688672,-4.3139040067974115
237,-6.526672710108619,-4.817576258861929,-1.7090964512466895,-4.0440081097222995,-0.7735681491396296,2.029372104719963,-3.7384685559666524
238,-7.413441382255192,-4.586407857489502,-2.8270335247656893,-2.7777017389990712,-1.808706118490431,0.8204409150295541,-3.647474439795243
239,-10.776140569950662,-7.668751617002115,-3.107388952948548,-3.9179920552885292,-3.7507595617135854,0.22368943562575816,-3.331078388574306
240,-7.337440951575008,-7.540413848099913,0.20297289652490513,-3.3029730833481934,-4.237440764751719,1.864513286992503,-1.6615403904675978
241,-7.725199691535144,-8.476261353668798,0.7510616621336546,-2.691837283194314,-5.7844240704744845,1.2301605725808349,-0.47909891044718034
242,-2.4980017636319594,-6.2076017770992635,3.709600013467304,-2.0881769375073804,-4.119424839591883,4.295690729836846,-0.5860907163695415
243,-6.022660436424422,-9.178337741035069,3.1556773046106468,-4.427736245134926,-4.750601495900144,2.987317098790162,0.16836020582048478
244,-6.964014183868139,-4.574788767688478,-2.3892254161796607,-1.7810687022486822,-2.7937200654397953,0.24599294029997276,-2.6352183564796334
245,-7.366001168301244,-6.911799054836583,-0.4542021134646612,-2.935824827902054,-3.975974226934529,0.9576490201584194,-1.4118511336230806
246,-5.728311215510224,-4.419237351330987,-1.3090738641792363,-2.1264836903767868,-2.2927536609542005,0.6845144119815866,-1.9935882761608228
247,-3.6650202117417576,-2.408460404918973,-1.2565598068227846,-0.2182257152916276,-2.1902346896273452,0.447811384982048,-1.7043711918048325
248,-3.947378302398543,-5.494038939212572,1.5466606368140294,-0.6372271709754138,-4.856811768237159,1.2696543887890368,0.27700624802499263
249,-1.0482801985209804,-3.546058001006092,2.497777802485112,-0.033747673226371816,-3.51231032777972,0.7792860424845701,1.7184917600005416
250,2.6636887582468067,-1.6680288338988054,4.331717592145612,0.45892439008683383,-2.1269532239856392,1.1633458647950292,3.168371727350583
251,0.14118211331868835,-5.52701260744314,5.668194720761829,-1.9061645857157072,-3.620848021727433,1.7493002255426637,3.918894495219165
252,0.5989375580921652,-3.686798889368701,4.285736447460867,-1.362562953155401,-2.3242359362132996,2.1945867066305094,2.0911497408303568
253,-0.8644370035618274,-5.637263279083632,4.772826275521805,-2.520598547757957,-3.116664731325675,1.7320633002672432,3.040762975254561
254,-3.296217823800498,-2.8489264281164366,-0.4472913956840614,-0.9558760932483528,-1.8930503348680838,-1.2905327686037409,0.8432413729196795
255,1.8212553222698222,-1.208133974319273,3.029389296589095,-0.3793713103913108,-0.8287626639279622,1.5252879481504922,1.504101348438603
256,-3.9967714147670312,-1.405940453234531,-2.5908309615325003,-0.47795296591593417,-0.9279874873185968,-1.2531805019085662,-1.337650459623934
257,-1.298864917857102,-1.3941632879452701,0.0952983700881681,-0.975826132760271,-0.41833715518499925,-0.04851066320246622,0.14380903329063432
258,0.699875082274507,-0.13186603414307163,0.8317411164175786,-0.9514620037387753,0.8195959695957037,-0.056141810748668974,0.8878829271662476
259,7.319878648900821,6.425579861195017,0.8942987877058053,2.7530844622963535,3.6724953988986635,-0.25394732903037065,1.148246116736176
260,13.785803818006888,10.496531242108095,3.289272575898793,4.740410674230695,5.7561205678774,1.5337701081505015,1.7555024677482916
261,14.786861219794336,12.78079367624583,2.006067543548506,5.603772834706643,7.177020841539187,1.381754395839138,0.624313147709368
262,12.243511289833679,10.247114618311763,1.9963966715219164,4.119518229718574,6.1275963885931874,1.2230752401822655,0.7733214313396508
263,11.701886208187432,9.390855480897295,2.3110307272901363,3.594626665705303,5.796228815191992,0.9602429110209638,1.3507878162691727
264,7.594269281146289,3.2039596091706253,4.390309671975663,0.7031054413575475,2.500854167813078,2.1284926075901933,2.26181706438547
265,8.10519233002033,3.020107462410466,5.085084867609863,0.9491239833743335,2.0709834790361326,1.8878243912419763,3.1972604763678865
266,3.1610843392368704,1.2845374282296493,1.876546911007221,-0.10300129567486771,1.3875387239045172,1.2195316026994512,0.6570153083077699
267,5.2080220880506545,1.2636951504562872,3.9443269375943677,-0.5137522100144256,1.7774473604707128,2.092693034463716,1.8516339031306517
268,7.529402292965744,3.48421833169005,4.045183961275694,0.5628489587789061,2.9213693729111436,1.9466322622571113,2.098551699018583
269,5.046037904849051,-0.2501274959914793,5.29616540084053,-0.969525688397355,0.7193981924058757,1.7567025135401308,3.539462887300399
270,9.873229298657323,1.908707008359962,7.964522290297361,0.8448713374917538,1.0638356708682082,4.7293052706473,3.2352170196500607
271,14.784747331676533,3.654586710972947,11.130160620703585,2.1767074861226696,1.4778792248502772,5.4798593284969845,5.650301292206601
272,12.365075922523245,3.553329424092232,8.811746498431011,2.0702959424631624,1.4830334816290698,3.303586346288704,5.508160152142308
273,3.1019348740168082,-2.869305604559192,5.971240478576,-0.527703659360226,-2.341601945198966,1.560047492393806,4.411192986182194
274,7.736623897237958,2.701111525334694,5.035512371903264,2.0844072596521794,0.6167042656825144,1.6519666440475929,3.383545727855672
275,5.495373793901733,1.2318555361447956,4.263518257756937,1.4129045286041255,-0.18104899245932993,2.258172295418612,2.0053459623383247
276,6.361964242421046,1.3651787767238805,4.996785465697166,0.33474341583146794,1.0304353608924126,3.670730522025133,1.3260549436720328
277,-1.9328087079332124,-2.2691494014517537,0.33634069351854134,-1.5276103335998827,-0.741539067851871,1.1356081846156743,-0.7992674910971329
278,-3.8389558935184933,-2.2111000926451587,-1.6278558008733346,-1.3772802321888686,-0.8338198604562902,-0.6674809940339683,-0.9603748068393663
279,-1.6875301194146828,-1.6604585814426034,-0.027071537972079507,-0.9125700263623473,-0.7478885550802561,-0.8365186123769729,0.8094470744048934
280,1.4603616694047077,-2.6735554129529633,4.133917082357671,-1.7339328602711543,-0.9396225526818089,0.7988243453095867,3.3350927370480843
281,1.5832471824551524,-3.8429154954271785,5.426162677882331,-2.5709003792088367,-1.2720151162183417,1.5129391401759906,3.9132235377063402
282,-1.3340072962113478,-2.798109645303179,1.4641023490918312,-1.75804400071817,-1.0400656445850092,-0.3557362206429043,1.8198385697347355
283,-1.5321512631033123,-6.792540893891655,5.260389630788342,-3.0611645836845076,-3.7313763102071476,2.352494707550585,2.907894923237757
284,-1.0905763925246794,-6.781115123267526,5.690538730742846,-3.0581065550158852,-3.723008568251641,2.41001844346824,3.2805202872746064
285,7.37857255705384,-0.8751416307048436,8.253714187758682,0.003605594451641103,-0.8787472251564847,3.8510674211822673,4.4026467665764155
286,-5.66044601425021,-4.1138188069663295,-1.5466272072838807,-1.2573158926045722,-2.8565029143617573,-1.1345261927990462,-0.4121010144848345
287,4.424684282360838,0.8455136889347107,3.5791705934261264,0.8555439235230052,-0.010030234588294551,1.3676331220692066,2.21153747135692
288,3.8765778292870605,-0.19212478736373073,4.068702616650791,0.464564554650282,-0.6566893420140127,1.7255385416721458,2.3431640749786453
289,3.346106853692832,0.8698386864823335,2.476268167210498,0.8420267401360056,0.02781194634632787,1.024404871159759,1.451863296050739
290,1.707908610953715,-0.7503517167427948,2.45826032769651,-0.4621303212080595,-0.28822139553473525,1.6593714033850846,0.7988889243114252
291,8.321087864894206,2.726062240454622,5.595025624439584,1.0675026410582729,1.6585595993963496,3.0331061626316793,2.5619194618079053
292,7.727696105098278,4.982632307339394,2.7450637977588843,1.168981290494092,3.8136510168453013,1.3830812681393148,1.3619825296195696
293,1.9419617186524873,-0.943919678794741,2.8858813974472284,-1.6461429251232194,0.7022232463284783,1.5092547519813633,1.376626645465865
294,-2.3531905972476794,-3.1081600440586503,0.7549694468109709,-2.7930464398203307,-0.3151136042383196,0.29666022934864555,0.4583092174623254
295,1.765623490960195,-2.0358496521861715,3.8014731431463664,-2.120090363196917,0.08424071101074532,1.4995119908568066,2.30196115228956
296,0.16322521430524273,1.137679097328461,-0.9744538830232182,-0.17620764587166637,1.3138867432001273,-0.33999919001465184,-0.6344546930085664
297,7.557211890792541,5.554626701556387,2.0025851892361533,1.9854970979805493,3.569129603575838,1.2590365688973142,0.7435486203388392
298,9.06494542196146,8.70322083534463,0.3617245866168273,3.9348614846010768,4.768359350743554,0.823679384615736,-0.46195479799890865
299,5.282356613174797,6.038840889690126,-0.7564842765153287,2.750855192514159,3.2879856971759667,-1.382837756438021,0.6263534799226923
300,-0.6161372334096833,2.670468112165179,-3.2866053455748623,1.0405254341602577,1.6299426780049215,-3.0010410740165234,-0.2855642715583389
301,0.20521408635696003,0.5348488953019861,-0.32963480894502606,0.42299918806985204,0.11184970723213405,-2.1419371375185374,1.8123023285735114
302,-1.5390195940993552,-3.0570000155059343,1.5179804214065793,-0.9109679089506977,-2.1460321065552366,-1.6662634849707791,3.1842439063773584
303,4.926580850876316,0.20823032466182725,4.718350526214488,0.19991839638228334,0.008311928279543912,-0.2555333759147884,4.973883902129277
304,3.670687352704307,2.177935962172081,1.4927513905322265,1.2247761680573512,0.9531597941147296,0.117733939200656,1.3750174513315705
305,5.853496658232073,2.440315164347471,3.4131814938846023,1.221806824484611,1.2185083398628602,0.8147950574478595,2.598386436436743
306,4.175191395643822,-2.06692236652092,6.242113762164742,-1.6822883829772413,-0.38463398354367895,3.204971008739546,3.0371427534251954
307,7.835773150497694,1.8397482348203524,5.996024915677342,-0.030186906688030923,1.8699351415083834,3.447455030253479,2.5485698854238628
308,5.6037069159905135,3.556557219384336,2.0471496966061773,1.846577051229572,1.7099801681547644,1.3243494878733257,0.7228002087328518
309,11.25494238571806,5.668335359487332,5.586607026230729,2.8017119155121293,2.866623443975203,2.8737931626773974,2.7128138635533317
310,11.498776841894074,6.220334595519745,5.278442246374327,3.5990929362291193,2.6212416592906256,2.545025985863833,2.733416260510494
311,5.0700695435157614,2.507620343643395,2.5624491998723666,1.6393052921698192,0.8683150514735754,0.40166678364894604,2.1607824162234204
312,3.2065008274782443,1.1312630843037184,2.075237743174526,0.4554851736883392,0.6757779106153792,0.551160915976312,1.524076827198214
313,10.097867198731553,5.98358051449624,4.114286684235314,1.8961662588528307,4.087414255643409,1.866024525036764,2.24826215919855
314,6.321648062768466,1.877002118673299,4.444645944095166,-0.5839987378766869,2.461000856549986,2.2142016425157354,2.230444301579431
315,13.420153757164307,5.98542722639285,7.4347265307714565,1.6860378543799959,4.299389372012854,3.1160008859835706,4.318725644787886
316,15.864170115670394,7.573976824747183,8.290193290923211,2.9316110960309385,4.6423657287162445,4.787021662719044,3.5031716282041674
317,10.158166200665427,6.953803324532367,3.204362876133059,2.347198919473871,4.606604405058496,2.3128728761384925,0.8914899999945667
318,10.764632564337603,6.776127372685475,3.988505191652128,2.287988447221456,4.488138925464019,1.8565793784611015,2.1319258131910264
319,10.45570087217342,7.167479566117442,3.288221306055978,3.1316381751465237,4.035841390970918,1.196322570713014,2.091898735342964
320,2.084833488677199,-0.368947863580702,2.4537813522579013,-0.9176701111560202,0.5487222475753182,1.983717374452353,0.470063977805548
321,-0.9860256768839253,-0.8398159557510732,-0.14620972113285213,-1.7941170072970147,0.9543010515459416,0.765991151304491,-0.9122008724373432
322,-7.298732521793838,-6.326932950205982,-0.9717995715878567,-4.1451836954798305,-2.181749254726151,1.0012761210246859,-1.9730756926125426
323,-9.95071220043678,-5.34161137212666,-4.60910082831012,-3.820752707121159,-1.5208586650055003,-0.7016278611855541,-3.9074729671245656
324,-3.5077344141303306,-3.0298451016192622,-0.47788931251106836,-4.317432078076331,1.287586976457069,2.4231215024709063,-2.9010108149819747
325,-3.2868056798646994,-1.0369167936360326,-2.249888886228667,-2.3793090883398205,1.3423922947037878,0.2706488639578705,-2.5205377501865374
326,-2.7446943487159805,-0.41038252898802896,-2.3343118197279518,-1.5874714910150283,1.1770889620269993,0.13866723446617324,-2.472979054194125
327,-2.970947301017517,-3.6833030391284103,0.7123557381108934,-2.9674786367678863,-0.7158244023605242,-0.25395110059333614,0.9663068387042295
328,-3.972549759518338,-2.0906364601885636,-1.8819132993297747,-2.966194083223819,0.8755576230352556,-1.0243456884094215,-0.8575676109203532
329,2.3804243133562943,2.7853651277757785,-0.40494081441948415,-0.6040169758693241,3.3893821036451026,1.0185554913791104,-1.4234963057985945
330,4.5224906154148075,2.8358215770272444,1.686669038387563,0.26745758455189517,2.568363992475349,1.4911762556897084,0.19549278269785464
331,2.268209579617062,1.4140799411387925,0.8541296384782694,-0.1857606982018844,1.599840639340677,1.5898664786804568,-0.7357368402021874
332,3.1781409576427997,-0.6462182805972201,3.82435923824002,-0.3386381387170685,-0.3075801418801516,2.5812571453889768,1.2431020928510432
333,-0.8698749466341614,-1.1055123901036232,0.2356374434694618,-0.811635063794669,-0.29387732630895436,1.2040960815137955,-0.9684586380443337
334,-2.4314224079683715,-3.3212834066413137,0.8898609986729423,-1.9628451673090777,-1.3584382393322363,0.9783941123904661,-0.08853311371752381
335,-4.3687186167301295,-4.851040988329807,0.4823223715996765,-3.0749167010279854,-1.7761242873018213,-0.19375624709584682,0.6760786186955233
336,-4.367593532060248,-5.224879118953314,0.8572855868930673,-4.134824517547799,-1.0900546014055146,0.737668890774533,0.11961669611853426
337,-9.220858226015974,-6.843892058028385,-2.3769661679875886,-4.051293685549038,-2.792598372479347,-1.9768930234070474,-0.40007314458054133
338,-5.542170116807636,-5.869494794523851,0.32732467771621465,-3.4688483662061014,-2.4006464283177493,-1.3641711833449182,1.6914958610611328
339,-9.252826738679763,-5.654641391543732,-3.598185347136032,-2.7428085363527024,-2.9118328551910295,-2.9015015133517363,-0.6966838337842958
340,-6.209417354817994,-1.14905308137677,-5.060364273441223,-0.03542886824279545,-1.1136242131339746,-3.875780279764981,-1.1845839936762421
341,-9.238531455334133,-1.3056843671404526,-7.932847088193681,-0.65980952037457,-0.6458748467658826,-4.920443872663507,-3.0124032155301737
342,-4.948444921554803,1.0631457306922931,-6.011590652247097,0.5356206437922495,0.5275250869000436,-3.7409153635804606,-2.270675288666636
343,-7.206034988148533,-0.19286223672607794,-7.013172751422454,0.6735446343198819,-0.8664068710459598,-4.448259112546013,-2.5649136388764417
344,-1.2338999443924235,4.025677622814188,-5.259577567206611,1.2826566078688366,2.743021014945351,-3.7605182209635712,-1.49905934624304
345,-8.215129042067046,-0.8087641419466393,-7.406364900120407,-0.7785250788375425,-0.030239063109096742,-4.783660204430575,-2.6227046956898317
346,-6.6807929999804045,2.5050879133279915,-9.185880913308395,1.4194608041182124,1.0856271092097791,-5.4826281518688695,-3.703252761439526
347,-8.75451383699803,0.5860795956500143,-9.340593432648042,1.06453326196783,-0.4784536663178157,-5.369358553906423,-3.97123487874162
348,-10.499178342496943,-0.6410499509152822,-9.858128391581662,-0.47084630901326485,-0.1702036419020173,-5.490178163672571,-4.367950227909091
349,-9.344868879656119,-2.120496562806251,-7.224372316849867,-1.6909116658568282,-0.4295848969494231,-3.3247489812976863,-3.8996233355521808
350,-7.512931679826208,-2.220148245852302,-5.292783433973906,-1.9591320660885043,-0.2610161797637979,-3.146173200252635,-2.1466102337212702
351,-4.358265516577344,-1.729339200439386,-2.6289263161379584,-1.6792334459190879,-0.050105754520298196,-1.3436015147154032,-1.2853248014225551
352,-7.935731385900612,-2.077426574436088,-5.858304811464524,-1.938891913899842,-0.1385346605362459,-3.1618582246001115,-2.6964465868644125
353,-9.065006670902132,-3.503694566340468,-5.561312104561663,-2.6220453709769735,-0.8816491953634945,-3.311358573745035,-2.249953530816629
354,-4.136183951084851,-0.8072503765250851,-3.328933574559766,-0.4637260629718032,-0.3435243135532819,-0.9325598630984089,-2.396373711461357
355,8.774699877709743,5.050367614741326,3.7243322629684172,2.2383706358232773,2.8119969789180486,3.0868761119607453,0.637456151007672
356,12.312258161585769,8.735921163225528,3.5763369983602393,3.0389059032761865,5.697015259949342,3.7117253926269145,-0.13538839426667515
357,16.12346111035576,12.650893350799384,3.4725677595563766,4.953750470264216,7.697142880535168,3.67676244658709,-0.20419468703071342
358,5.556364610798525,8.08444147162047,-2.5280768608219466,3.086173986682604,4.998267484937867,0.6974788790059203,-3.225555739827867
359,0.5124164525260424,2.838351927680109,-2.325935475154066,-0.08250646681196816,2.920858394492077,1.4293821751655762,-3.7553176503196424
360,-4.819013578769897,1.8819338506999006,-6.700947429469798,0.13202042266102199,1.7499134280388786,-1.049853116284561,-5.6510943131852365
361,-7.618060498988642,-0.7684670636856703,-6.849593435302971,-0.5162389383820005,-0.2522281253036698,-1.2515242591570028,-5.598069176145969
362,-3.114522111913146,0.5672849591917246,-3.6818070711048705,1.090281673866825,-0.5229967146751004,-1.2414394927502412,-2.4403675783546293
363,1.0367633775863982,4.558512936946235,-3.5217495593598365,2.4698449899926618,2.0886679469535725,-0.6290422816487182,-2.8927072777111182
364,-0.3919823238243296,3.6706331597419384,-4.062615483566268,2.0311326472076887,1.6395005125342497,-1.3560902102584036,-2.7065252733078644
365,-4.120017785761164,1.4150429123257497,-5.535060698086914,0.24597454512304462,1.1690683672027051,-2.6355578227203065,-2.8995028753666077
366,-0.34454777911638246,3.2057615852049572,-3.5503093643213397,1.6965818284741778,1.5091797567307794,-1.006815501289699,-2.5434938630316406
367,3.8283852399808342,6.569111495495833,-2.740726255514999,3.3960944599396568,3.1730170355561764,-1.5556028074289985,-1.1851234480860002
368,3.1912375888929305,5.72077435829465,-2.52953676940172,2.6908518449235377,3.0299225133711127,-1.857491573923142,-0.6720451954785779
369,2.014681844572195,2.2144572680610706,-0.19977542348887556,1.0035417397817883,1.2109155282792823,-0.35640942215143345,0.1566339986625579
370,5.402859821162,2.6337735520016547,2.7690862691603457,1.6791526558728884,0.9546208961287661,0.9721629600779753,1.7969233090823704
371,-0.44518004549014933,-0.39177601132446427,-0.05340403416568518,-0.4143051269208855,0.022529115596421234,-0.637367822946604,0.5839637887809188
372,-3.4921814293054245,-2.7282915234030383,-0.7638899059023865,-2.6074493473392217,-0.12084217606381653,-0.5337247678209702,-0.23016513808141625
373,-2.0522069642903165,-1.506694592693838,-0.5455123715964788,-2.5396025167785337,1.0329079240846957,-0.6026269292855522,0.057114557689073364
374,-3.4856532546362162,-2.2872197636482374,-1.198433490987979,-2.35351845846444,0.06629869481620264,-0.9653717859582446,-0.2330617050297344
375,-5.658935215999842,-0.07908669763196258,-5.5798485183678785,-0.43327667327309904,0.35418997564113647,-3.289838685271725,-2.2900098330961534
376,-8.714680252473153,-1.3074177229133164,-7.407262529559836,-1.1225288017365318,-0.18488892117678452,-4.629835713871729,-2.7774268156881075
377,-8.369968340473159,-2.8350881389013582,-5.534880201571802,-1.8729773668590106,-0.9621107720423475,-2.1750238425704493,-3.3598563590013524
378,-4.166642422710951,-3.042012553173119,-1.124629869537832,-1.676005479594888,-1.366007073578231,-1.0737526012248548,-0.05087726831297723
379,-14.070584012576857,-7.17734200813331,-6.893242004443547,-3.552180001209539,-3.625162006923771,-3.285301618996571,-3.6079403854469754
380,-12.84809432361756,-6.915275906734021,-5.93281841688354,-3.621495964483832,-3.2937799422501883,-2.4835586278556683,-3.4492597890278724
381,-11.913408476489387,-6.258381995036223,-5.655026481453166,-3.1297388722643076,-3.1286431227719156,-2.486034354865227,-3.1689921265879386
382,-10.186406709782421,-8.286070588139157,-1.9003361216432624,-5.363449384548119,-2.9226212035910386,-0.23311010746191596,-1.6672260141813464
383,-6.018693858824697,-8.022813834317848,2.0041199754931505,-4.758189999478242,-3.264623834839605,1.5643521477458566,0.4397678277472936
384,-7.7676325756448446,-11.218140481875146,3.4505079062303015,-5.823629110312282,-5.3945113715628645,2.5189128993919527,0.9315950068383485
385,-5.164462528490866,-10.093400623171766,4.9289380946809,-5.122056964499988,-4.971343658671778,2.2191649177932566,2.709773176887643
386,-0.24616490693189963,-6.578764683675383,6.332599776743483,-3.852783037380206,-2.725981646295176,3.80089521643228,2.531704560311203
387,-4.1864369811369535,-8.089589870412997,3.903152889276044,-5.22413164989491,-2.865458220518087,3.3428276182937617,0.5603252709822821
388,-4.27362819355289,-7.712793489959494,3.439165296406604,-5.490704373593273,-2.222089116366221,2.6301786646129104,0.8089866317936937
389,4.326950656341659,-1.4230818782896255,5.750032534631284,-1.802077395261085,0.3789955169714594,3.3573036157349128,2.392728918896372
390,3.9706540047895458,0.25550784290710005,3.715146161882446,-0.6458931785492905,0.9014010214563906,2.8579054454286603,0.8572407164537855
391,0.06787581869051529,-1.2802763625764466,1.348152181266962,-1.6540293816548348,0.37375301907838826,1.2550805126665523,0.09307166860040961
392,-0.9932739892586682,-0.4390675294206065,-0.5542064598380616,-0.648662081024691,0.20959455160408452,1.479668404139351,-2.0338748639774127
393,-2.2049124903588595,-2.281283849528733,0.07637135916987337,-1.4617408660510396,-0.8195429834776934,1.7698913761318593,-1.693520016961986
394,0.32775083513195025,0.6172169677616492,-0.2894661326296988,-0.35713564401852804,0.9743526117801773,2.138006990241935,-2.4274731228716337
395,1.9875254567179685,2.712337514688711,-0.7248120579707422,0.8983510393567247,1.813986475331986,1.7224910692998778,-2.44730312727062
396,1.5383016030218175,0.9737304270951825,0.564571175926635,-0.47627213539628827,1.4500025624914707,2.6874187670399516,-2.1228475911133167
397,4.5697418682095385,3.3298461150135616,1.2398957531959767,1.411985890348657,1.9178602246649046,2.1386672184443105,-0.8987714652483338
398,7.864035832591409,2.752446060647138,5.111589771944271,1.705452291872461,1.046993768774677,4.368115514629268,0.7434742573150026
399,3.8789334131107935,1.2154579064619289,2.6634755066488642,0.07933740942787038,1.1361204970340584,3.28923720737676,-0.6257617007278957
400,3.2453221935267864,3.4430825908651306,-0.19776039733834372,2.2521063552528595,1.190976235612271,1.4167887248421638,-1.6145491221805075
401,9.282282113486252,5.607931440446253,3.674350673039999,2.9763525160179936,2.631578924428259,3.5420794580222124,0.1322712150177865
402,10.711747645983117,3.432224230514929,7.279523415468187,0.6276795986571712,2.804544631857758,5.3548383907668855,1.924685024701302
403,1.8705649543460887,1.392712608055649,0.4778523462904397,-0.27565216048215424,1.6683647685378031,0.3184433556742785,0.1594089906161612
404,8.516625859665814,3.0409689848298527,5.475656874835961,0.6123909645323848,2.428578020297468,4.308458182120812,1.1671986927151496
405,-6.634615808838631,-6.387812980611232,-0.2468028282273993,-3.5806537999707837,-2.807159180640448,1.1777881546007063,-1.4245909828281056
406,-10.466163350736961,-8.574150731492097,-1.8920126192448652,-3.932746080621959,-4.641404650870138,1.0084266416979666,-2.9004392609428318
407,-3.5541071760666147,-5.058678587100765,1.50457141103415,-1.6046564447852871,-3.4540221423154778,1.6301616161335164,-0.12559020509936647
408,-1.844706017789795,-4.842211534752767,2.9975055169629723,-2.202002041876336,-2.6402094928764313,2.3264435316321106,0.6710619853308617
409,5.725318550405938,2.176284044031339,3.5490345063745994,1.8542259941021113,0.3220580499292276,1.9698332938641927,1.5792012125104067
410,4.298037713570668,-0.3660341295214282,4.664071843092096,1.117918235920557,-1.4839523654419853,2.608112015662494,2.0559598274296023
411,-4.94464888372783,-8.072842714862182,3.1281938311343516,-2.921858533439424,-5.150984181422758,2.1820937503236664,0.9461000808106851
412,-5.155682116869356,-6.978425552203436,1.8227434353340808,-2.7290354985046372,-4.249390053698799,1.0402674704478367,0.782475964886244
413,-9.73967760982656,-11.224729485997983,1.4850518761714224,-5.541957970521255,-5.682771515476727,0.5858499330889828,0.8992019430824396
414,-7.769600196277563,-7.443970338915702,-0.32562985736186123,-3.0107009356336105,-4.433269403282091,-0.46681136129570544,0.1411815039338442
415,-7.396484831366357,-7.0713508401954694,-0.3251339911708879,-2.233687078919142,-4.837663761276327,-0.20283539840773424,-0.12229859276315369
416,-6.822446381737196,-6.475551973660004,-0.34689440807719196,-2.9794345189382305,-3.4961174547217735,0.09158646517279956,-0.4384808732499915
417,-8.92626716146961,-6.948432184403572,-1.9778349770660397,-3.4268044072564776,-3.5216277771470947,0.6244068292186813,-2.602241806284721
418,-5.979689110535648,-3.817585192824441,-2.1621039177112067,-2.061701779714866,-1.7558834131095755,0.8949637630399512,-3.0570676807511576
419,-8.936140190718032,-5.765273779293244,-3.1708664114247873,-3.624296784109635,-2.140976995183609,0.2957079167303915,-3.4665743281551786
420,-10.140065971085036,-9.124302836416089,-1.0157631346689466,-5.278812624856863,-3.8454902115592255,1.2805764774399304,-2.296339612108877
421,-3.699480434778901,-4.61898164156452,0.919501206785619,-2.2682188264078555,-2.3507628151566644,1.8631456170579488,-0.9436444102723298
422,-1.0353468644456962,-3.161187900046883,2.125841035601187,-2.002836141180415,-1.1583517588664678,2.332731135171129,-0.20689009956994187
423,5.511635883193918,0.6283687883501683,4.883267094843749,0.16989509209580045,0.45847369625436785,3.7581749753408236,1.1250921195029258
424,8.624909089479829,1.9612251087426598,6.663683980737169,0.48637778630859385,1.474847322434066,4.185981057089814,2.4777029236473553
425,14.48151548555407,6.074869341547279,8.40664614400679,3.5057200669273114,2.569149274619967,4.5833453735694025,3.8233007704373883
426,16.666809317460793,4.681800513647257,11.985008803813535,2.964641656949399,1.7171588566978582,6.403862191882654,5.581146611930881
427,18.903608395722713,7.246579881285308,11.657028514437405,3.65174218862687,3.594837692658438,7.161823214460384,4.495205299977021
428,19.58444463161951,6.882039327090169,12.702405304529341,4.066456547283781,2.815582779806389,7.848596574625319,4.8538087299040225
429,12.259859928311418,1.4262230895600823,10.833636838751335,1.2902107248865078,0.13601236467357447,7.371416825291421,3.4622200134599153
430,4.684653465694909,-0.02853584226350403,4.713189307958413,1.7752270863464124,-1.8037629286099164,3.3429150663356886,1.3702742416227247
431,4.612681877404887,-0.9589314967714998,5.571613374176387,0.5678674797239597,-1.5267989764954595,2.901245066786101,2.6703683073902855
432,-2.8099283000751685,-6.718243656015165,3.9083153559399966,-2.1082279973256615,-4.610015658689504,2.662291832448493,1.2460235234915034
433,-3.35170983224442,-6.62410138690924,3.2723915546648206,-2.305033874886328,-4.319067512022912,1.855821654978395,1.4165698996864253
434,-6.42712920600613,-5.933547951162392,-0.4935812548437375,-1.474935042785228,-4.458612908377164,0.0088785015090167,-0.5024597563527542
435,-5.873751880660819,-6.068749013139598,0.19499713247877926,-1.5696161458565796,-4.499132867283018,-0.7246052536604282,0.9196023861392074
436,-9.126218872035889,-7.848539410521464,-1.277679461514425,-2.9646303378465477,-4.883909072674916,-1.717229086750693,0.43954962523626806
437,-0.07986699013445908,-3.079020761163269,2.9991537710288103,-0.35359409954251475,-2.7254266616207543,1.4822271029891552,1.516926668039655
438,-2.460673947919508,-3.194801950665269,0.7341280027457612,-0.7729117205577154,-2.4218902301075538,-0.12798731509494043,0.8621153178407016
439,-1.3970741605302277,-2.1426673618710033,0.7455932013407757,0.47240917136645255,-2.6150765332374557,-0.32616770599064926,1.071760907331425
440,-4.47303628724345,-5.220567444160115,0.7475311569166648,-1.3515167194910438,-3.869050724669071,0.32533729258997257,0.42219386432669226
441,-1.2580935701480818,-2.9045777016123937,1.6464841314643122,-0.5056241130126791,-2.398953588599715,0.1091282690598076,1.5373558624045045
442,2.9921140790362295,-0.9090111015003035,3.9011251805365332,0.9013263879732334,-1.810337489473537,0.41547358037919835,3.4856516001573348
443,4.584225170657237,1.5714173949409322,3.0128077757163045,1.808434770747883,-0.2370173758069507,-0.813917062633589,3.8267248383498935
444,7.642518024742867,1.6018458139784795,6.040672210764388,1.3440890650073944,0.257756748971085,1.0475538356945293,4.993118375069859
445,12.735427624780336,3.243621462807331,9.491806161973004,1.2632924499488007,1.9803290128585305,3.2173213703612116,6.274484791611793
446,9.537441373378115,-0.9009141174959873,10.438355490874104,0.013719241060975995,-0.9146333585569633,4.01037057072436,6.427984920149743
447,2.0841901378341667,-1.9963558147597216,4.080545952593888,-1.3742676683078807,-0.6220881464518409,1.1654828200199887,2.9150631325738994
448,-1.1879128459208603,-3.7142728745116003,2.52636002859074,-2.3246773295738006,-1.3895955449378,-0.3696470416332396,2.8960070702239795
449,-8.776450967105134,-8.000851994154994,-0.7755989729501405,-4.4471425518121395,-3.553709442342855,-1.7920250220373306,1.0164260490871901
450,1.0383492608234592,-2.824377278775474,3.862726539598933,-2.3331381273064427,-0.4912391514690315,1.4550934735878631,2.40763306601107
451,0.6847465142848865,-2.1280102989234013,2.8127568132082876,-2.0967398185478308,-0.031270480375570564,1.426620721200864,1.386136092007424
452,7.560516927401272,1.9150729661158392,5.645443961285433,0.8463958240200611,1.0686771420957781,3.701982596283615,1.943461365001818
453,4.0158460604220165,1.3420031390390816,2.673842921382935,1.0258613484729298,0.31614179056615177,1.820734558945042,0.8531083624378928
454,2.8252526304809598,1.1351545417452484,1.690098088735711,0.6784992723002717,0.4566552694449767,0.7475777966899513,0.9425202920457599
455,1.9943801292932664,-0.8923903539447392,2.8867704832380054,-0.08365578322745304,-0.8087345707172862,1.1723187888200688,1.7144516944179369
456,-3.44979789135785,-4.599247236236448,1.1494493448785983,-2.8482108853135655,-1.7510363509228826,1.2520409255645544,-0.10259158068595609
457,-1.9638119414757733,-3.527583923898974,1.5637719824232008,-2.403643380871539,-1.1239405430274352,0.9477416152451896,0.6160303671780112
458,0.06698031253395231,0.04967536052898569,0.017304952004966623,-1.2645744038382665,1.3142497643672522,1.30019654720589,-1.2828915952009234
459,4.515430527425247,0.8036774248401244,3.7117531025851225,-0.5215591800124433,1.3252366048525677,2.2493888356567178,1.4623642669284045
460,6.232714188800436,2.3991293388055253,3.833584849994911,-0.4319377396612011,2.8310670784667264,1.9378729712036935,1.8957118787912175
461,2.608498051483914,-1.2309264952943242,3.839424546778238,-2.2313421217469456,1.0004156264526214,2.741012494920829,1.098412051857409
462,2.4122704813941436,-4.459398612248165,6.871669093642309,-3.4638515916501644,-0.9955470205980013,3.362987825372884,3.5086812682694246
463,6.93320947873416,0.876770193892406,6.056439284841753,-0.21000645214673308,1.086776646039139,2.6083363604043406,3.448102924437413
464,11.068482979277041,2.4309665758505137,8.637516403426527,0.7134793340260392,1.7174872418244744,4.165078109363332,4.4724382940631955
465,9.481061558361676,2.4347403808012205,7.046321177560455,1.456183580818038,0.9785567999831828,2.7821732545739577,4.264147922986497
466,14.348325494144099,5.23334469581024,9.114980798333859,3.4655113533296804,1.7678333424805595,3.7572493571222534,5.357731441211605
467,13.187573868740026,2.032615633131082,11.154958235608945,1.830188106875289,0.2024275262557929,4.757783451382432,6.397174784226513
468,4.839720513807191,0.8784203246574978,3.9613001891496937,1.4305033246936962,-0.5520830000361985,0.5724404486525283,3.3888597404971654
469,9.318629067824133,4.848492339488436,4.470136728335697,3.772775094010214,1.075717245478222,2.123033437648715,2.3471032906869818
470,8.132825484562648,4.997308359287054,3.1355171252755936,3.9803469520453314,1.016961407241722,1.956673297050434,1.1788438282251594
471,12.524748239219045,7.155627351785199,5.369120887433846,6.425083191852519,0.7305441599326802,1.8314854437820962,3.5376354436517503
472,8.599925547918382,2.6881558237585317,5.911769724159849,4.495308939652359,-1.8071531158938274,1.8754610468144852,4.036308677345364
473,5.718490003829027,-1.1485488084259852,6.867038812255013,2.899884734088778,-4.048433542514763,1.6221438903857022,5.24489492186931
474,-4.110629789078012,-5.071200208168863,0.9605704190908506,0.4374991497204124,-5.508699357889276,-1.3487455158290453,2.309315934919896
475,-0.8835457009945635,-1.3794046494743393,0.49585894847977574,2.6774679589660115,-4.056872608440351,-1.7310175392298044,2.22687648770958
476,-1.7313571633475504,-2.2306480127792936,0.4992908494317432,0.905597129564127,-3.1362451423434208,-1.0302078736453968,1.52949872307714
477,3.4291887883376218,-1.2201556074736868,4.649344395811308,1.4190873995994278,-2.6392430070731145,1.5981431182610095,3.051201277550299
478,6.608147425722129,1.594594716079761,5.013552709642369,2.138738122338692,-0.544143406258931,2.1033179302100744,2.910234779432294
479,0.08151249763117452,-1.5250631912475165,1.606575688878691,0.15098027298271188,-1.6760434642302284,0.45640071063447407,1.150174978244217
480,8.180980758697043,2.4081407490938345,5.772840009603209,1.7489641655465669,0.6591765835472678,2.9209948824413696,2.8518451271618392
481,6.857136229742842,3.007449139695797,3.849687090047046,1.8995884683404947,1.1078606713553023,2.0730637890274854,1.7766233010195607
482,11.11429437139415,4.98988174326127,6.12441262813288,2.770024315550891,2.219857427710379,2.704786005901146,3.4196266222317337
483,9.921121160057655,3.458674779224455,6.4624463808331996,2.746648514213815,0.7120262650106398,2.2684721525493865,4.193974228283813
484,8.313495500726802,2.4841202673886524,5.829375233338151,2.709881735253586,-0.22576146786493378,2.356625210543172,3.472750022794979
485,9.604340570009501,2.831284414925974,6.773056155083526,2.495485955907373,0.33579845901860095,2.0792723384040617,4.693783816679464
486,8.911635271796222,1.062328694894877,7.849306576901346,1.9684790551338602,-0.9061503602389833,3.4822698036501905,4.367036773251155
487,5.870974499950102,-0.11787049135190952,5.988844991302011,1.7217076668010916,-1.839578158153001,1.4132113271070192,4.575633664194992
488,3.901174899705652,-0.8107375571318394,4.711912456837491,1.1240019138862802,-1.9347394710181196,0.5975271281766883,4.114385328660803
489,1.2583883747595799,-5.785825556787444,7.044213931547024,-2.71102549858838,-3.074800058199064,1.671022357525434,5.37319157402159
490,-0.05172570112858077,-7.190502497056211,7.13877679592763,-3.9980138912755034,-3.1924886057807074,3.300566494429423,3.838210301498207
491,2.7790504458526826,-5.762485660235737,8.541536106088419,-2.9738505782411364,-2.7886350819946006,3.9458485141528437,4.595687591935576
492,-1.9357851676881053,-9.47820574304296,7.542420575354854,-4.537504224443776,-4.940701518599185,2.990459197337141,4.5519613780177135
493,2.5435071615568035,-5.105247654288583,7.648754815845386,-2.2931651215223856,-2.8120825327661976,4.062285139729253,3.586469676116133
494,4.018152394447811,-3.9211939515159044,7.939346345963715,-1.9059115193078222,-2.0152824322080822,4.818334398371941,3.1210119475917746
495,1.3987247092718773,-3.7940443742591117,5.1927690835309885,-1.6070726951283616,-2.18697167913075,2.3268238261559517,2.8659452573750372
496,-2.251226678492783,-2.7365130215250106,0.4852863430322276,-1.0043517350893811,-1.7321612864356297,0.20069424542188763,0.28459209761034
497,0.16201964661750434,-2.0522779151755954,2.2142975617930998,-0.8988083875845349,-1.1534695275910605,1.2109321552300143,1.0033654065630855
498,4.875426986894602,1.664555229540297,3.2108717573543046,1.1414093763085424,0.5231458532317546,1.89960522300987,1.311266534344435
499,8.306928497187755,1.6516284230766582,6.655300074111098,0.9554141725510465,0.6962142505256118,3.546747014154259,3.1085530599568387
